{"lin_reg": {"MSE": 205.5924738687773, "RMSE": 14.33849622062151, "MAE": 10.971291093817, "R^2": -0.28874205417584475}, "reg_tree": {"MSE": 212.13424620180723, "RMSE": 14.564829082478353, "MAE": 9.080096168680347, "R^2": 0.431447905066457}, "forest_reg": {"MSE": 184.58922231702564, "RMSE": 13.586361629112691, "MAE": 10.041577614639618, "R^2": -0.033454957855425294}, "ada_reg": {"MSE": 117.15547274496953, "RMSE": 10.823838170675389, "MAE": 6.818184204753012, "R^2": 0.5860140651340493}, "xg_reg_model": {"MSE": 165.98010014315662, "RMSE": 12.883326439361715, "MAE": 9.633746296958789, "R^2": 0.09118150001712355}, "dnn_model": {"MSE": 481.8009200519932, "RMSE": 21.94996401026647, "MAE": 17.650519751025502, "R^2": -3.172653043802784}}