{"lin_reg": {"MSE": 207.28200158134132, "RMSE": 14.397291466846857, "MAE": 11.04717446502814, "R^2": -0.31475128303059696}, "ada_reg": {"MSE": 125.86390779310003, "RMSE": 11.218908493837537, "MAE": 6.894330385581487, "R^2": 0.557965646687157}}